product,products,docType,title_es,title_en,version,date,fileEs,fileEn,externalUrl,summary
accessory-b2,accessory-b2,datasheet,,,,,,,,
accessory-b2,accessory-b2,user-guide,,,,,,,,
accessory-b2,accessory-b2,wiring-diagram,,,,,,,,
accessory-b2,accessory-b2,certification,,,,,,,,
accessory-b3,accessory-b3,datasheet,,,,,,,,
accessory-b3,accessory-b3,user-guide,,,,,,,,
accessory-b3,accessory-b3,wiring-diagram,,,,,,,,
accessory-b3,accessory-b3,certification,,,,,,,,
accessory-ba5-i,accessory-ba5-i,datasheet,,,,,,,,
accessory-ba5-i,accessory-ba5-i,user-guide,,,,,,,,
accessory-ba5-i,accessory-ba5-i,wiring-diagram,,,,,,,,
accessory-ba5-i,accessory-ba5-i,certification,,,,,,,,
accessory-ba5-o,accessory-ba5-o,datasheet,,,,,,,,
accessory-ba5-o,accessory-ba5-o,user-guide,,,,,,,,
accessory-ba5-o,accessory-ba5-o,wiring-diagram,,,,,,,,
accessory-ba5-o,accessory-ba5-o,certification,,,,,,,,
accessory-ibutton,accessory-ibutton,datasheet,,,,,,,,
accessory-ibutton,accessory-ibutton,user-guide,,,,,,,,
accessory-ibutton,accessory-ibutton,wiring-diagram,,,,,,,,
accessory-ibutton,accessory-ibutton,certification,,,,,,,,
accessory-led-alarm,accessory-led-alarm,datasheet,,,,,,,,
accessory-led-alarm,accessory-led-alarm,user-guide,,,,,,,,
accessory-led-alarm,accessory-led-alarm,wiring-diagram,,,,,,,,
accessory-led-alarm,accessory-led-alarm,certification,,,,,,,,
accessory-rwatch,accessory-rwatch,datasheet,,,,,,,,
accessory-rwatch,accessory-rwatch,user-guide,,,,,,,,
accessory-rwatch,accessory-rwatch,wiring-diagram,,,,,,,,
accessory-rwatch,accessory-rwatch,certification,,,,,,,,
accessory-switch,accessory-switch,datasheet,,,,,,,,
accessory-switch,accessory-switch,user-guide,,,,,,,,
accessory-switch,accessory-switch,wiring-diagram,,,,,,,,
accessory-switch,accessory-switch,certification,,,,,,,,
accessory-wi-fi-router,accessory-wi-fi-router,datasheet,,,,,,,,
accessory-wi-fi-router,accessory-wi-fi-router,user-guide,,,,,,,,
accessory-wi-fi-router,accessory-wi-fi-router,wiring-diagram,,,,,,,,
accessory-wi-fi-router,accessory-wi-fi-router,certification,,,,,,,,
camera-960c53,camera-960c53,datasheet,,,,,,,,
camera-960c53,camera-960c53,user-guide,,,,,,,,
camera-960c53,camera-960c53,wiring-diagram,,,,,,,,
camera-960c53,camera-960c53,certification,,,,,,,,
camera-ad-kit-3-0,camera-ad-kit-3-0,datasheet,,,,,,,,
camera-ad-kit-3-0,camera-ad-kit-3-0,user-guide,,,,,,,,
camera-ad-kit-3-0,camera-ad-kit-3-0,wiring-diagram,,,,,,,,
camera-ad-kit-3-0,camera-ad-kit-3-0,certification,,,,,,,,
camera-c20d,camera-c20d,datasheet,,,,,,,,
camera-c20d,camera-c20d,user-guide,,,,,,,,
camera-c20d,camera-c20d,wiring-diagram,,,,,,,,
camera-c20d,camera-c20d,certification,,,,,,,,
camera-c25,camera-c25,datasheet,,,,,,,,
camera-c25,camera-c25,user-guide,,,,,,,,
camera-c25,camera-c25,wiring-diagram,,,,,,,,
camera-c25,camera-c25,certification,,,,,,,,
camera-c29n,camera-c29n,datasheet,,,,,,,,
camera-c29n,camera-c29n,user-guide,,,,,,,,
camera-c29n,camera-c29n,wiring-diagram,,,,,,,,
camera-c29n,camera-c29n,certification,,,,,,,,
camera-c39a,camera-c39a,datasheet,,,,,,,,
camera-c39a,camera-c39a,user-guide,,,,,,,,
camera-c39a,camera-c39a,wiring-diagram,,,,,,,,
camera-c39a,camera-c39a,certification,,,,,,,,
camera-c39b,camera-c39b,datasheet,,,,,,,,
camera-c39b,camera-c39b,user-guide,,,,,,,,
camera-c39b,camera-c39b,wiring-diagram,,,,,,,,
camera-c39b,camera-c39b,certification,,,,,,,,
camera-c46,camera-c46,datasheet,,,,,,,,
camera-c46,camera-c46,user-guide,,,,,,,,
camera-c46,camera-c46,wiring-diagram,,,,,,,,
camera-c46,camera-c46,certification,,,,,,,,
camera-ca20d,camera-ca20d,datasheet,,,,,,,,
camera-ca20d,camera-ca20d,user-guide,,,,,,,,
camera-ca20d,camera-ca20d,wiring-diagram,,,,,,,,
camera-ca20d,camera-ca20d,certification,,,,,,,,
camera-ca20s,camera-ca20s,datasheet,,,,,,,,
camera-ca20s,camera-ca20s,user-guide,,,,,,,,
camera-ca20s,camera-ca20s,wiring-diagram,,,,,,,,
camera-ca20s,camera-ca20s,certification,,,,,,,,
camera-ca25,camera-ca25,datasheet,,,,,,,,
camera-ca25,camera-ca25,user-guide,,,,,,,,
camera-ca25,camera-ca25,wiring-diagram,,,,,,,,
camera-ca25,camera-ca25,certification,,,,,,,,
camera-ca38,camera-ca38,datasheet,,,,,,,,
camera-ca38,camera-ca38,user-guide,,,,,,,,
camera-ca38,camera-ca38,wiring-diagram,,,,,,,,
camera-ca38,camera-ca38,certification,,,,,,,,
camera-ca39,camera-ca39,datasheet,,,,,,,,
camera-ca39,camera-ca39,user-guide,,,,,,,,
camera-ca39,camera-ca39,wiring-diagram,,,,,,,,
camera-ca39,camera-ca39,certification,,,,,,,,
camera-ca39a,camera-ca39a,datasheet,,,,,,,,
camera-ca39a,camera-ca39a,user-guide,,,,,,,,
camera-ca39a,camera-ca39a,wiring-diagram,,,,,,,,
camera-ca39a,camera-ca39a,certification,,,,,,,,
camera-ca39b,camera-ca39b,datasheet,,,,,,,,
camera-ca39b,camera-ca39b,user-guide,,,,,,,,
camera-ca39b,camera-ca39b,wiring-diagram,,,,,,,,
camera-ca39b,camera-ca39b,certification,,,,,,,,
camera-ca4,camera-ca4,datasheet,,,,,,,,
camera-ca4,camera-ca4,user-guide,,,,,,,,
camera-ca4,camera-ca4,wiring-diagram,,,,,,,,
camera-ca4,camera-ca4,certification,,,,,,,,
camera-ca42-wireless-camera,camera-ca42-wireless-camera,datasheet,,,,,,,,
camera-ca42-wireless-camera,camera-ca42-wireless-camera,user-guide,,,,,,,,
camera-ca42-wireless-camera,camera-ca42-wireless-camera,wiring-diagram,,,,,,,,
camera-ca42-wireless-camera,camera-ca42-wireless-camera,certification,,,,,,,,
camera-ca46,camera-ca46,datasheet,,,,,,,,
camera-ca46,camera-ca46,user-guide,,,,,,,,
camera-ca46,camera-ca46,wiring-diagram,,,,,,,,
camera-ca46,camera-ca46,certification,,,,,,,,
camera-ca51,camera-ca51,datasheet,,,,,,,,
camera-ca51,camera-ca51,user-guide,,,,,,,,
camera-ca51,camera-ca51,wiring-diagram,,,,,,,,
camera-ca51,camera-ca51,certification,,,,,,,,
camera-ca51a,camera-ca51a,datasheet,,,,,,,,
camera-ca51a,camera-ca51a,user-guide,,,,,,,,
camera-ca51a,camera-ca51a,wiring-diagram,,,,,,,,
camera-ca51a,camera-ca51a,certification,,,,,,,,
camera-sc,camera-sc,datasheet,,,,,,,,
camera-sc,camera-sc,user-guide,,,,,,,,
camera-sc,camera-sc,wiring-diagram,,,,,,,,
camera-sc,camera-sc,certification,,,,,,,,
avm,avm,datasheet,,,,,,,,
avm,avm,user-guide,,,,,,,,
avm,avm,wiring-diagram,,,,,,,,
avm,avm,certification,,,,,,,,
display-cp16max,display-cp16max,datasheet,,,,,,,,
display-cp16max,display-cp16max,user-guide,,,,,,,,
display-cp16max,display-cp16max,wiring-diagram,,,,,,,,
display-cp16max,display-cp16max,certification,,,,,,,,
display-cp4,display-cp4,datasheet,,,,,,,,
display-cp4,display-cp4,user-guide,,,,,,,,
display-cp4,display-cp4,wiring-diagram,,,,,,,,
display-cp4,display-cp4,certification,,,,,,,,
display-cp5,display-cp5,datasheet,,,,,,,,
display-cp5,display-cp5,user-guide,,,,,,,,
display-cp5,display-cp5,wiring-diagram,,,,,,,,
display-cp5,display-cp5,certification,,,,,,,,
display-dp12s,display-dp12s,datasheet,,,,,,,,
display-dp12s,display-dp12s,user-guide,,,,,,,,
display-dp12s,display-dp12s,wiring-diagram,,,,,,,,
display-dp12s,display-dp12s,certification,,,,,,,,
display-dp7q-rt,display-dp7q-rt,datasheet,,,,,,,,
display-dp7q-rt,display-dp7q-rt,user-guide,,,,,,,,
display-dp7q-rt,display-dp7q-rt,wiring-diagram,,,,,,,,
display-dp7q-rt,display-dp7q-rt,certification,,,,,,,,
display-dp7q-t,display-dp7q-t,datasheet,,,,,,,,
display-dp7q-t,display-dp7q-t,user-guide,,,,,,,,
display-dp7q-t,display-dp7q-t,wiring-diagram,,,,,,,,
display-dp7q-t,display-dp7q-t,certification,,,,,,,,
display-dp7s,display-dp7s,datasheet,,,,,,,,
display-dp7s,display-dp7s,user-guide,,,,,,,,
display-dp7s,display-dp7s,wiring-diagram,,,,,,,,
display-dp7s,display-dp7s,certification,,,,,,,,
display-dp7s-t,display-dp7s-t,datasheet,,,,,,,,
display-dp7s-t,display-dp7s-t,user-guide,,,,,,,,
display-dp7s-t,display-dp7s-t,wiring-diagram,,,,,,,,
display-dp7s-t,display-dp7s-t,certification,,,,,,,,
display-xpad-2-0,display-xpad-2-0,datasheet,,,,,,,,
display-xpad-2-0,display-xpad-2-0,user-guide,,,,,,,,
display-xpad-2-0,display-xpad-2-0,wiring-diagram,,,,,,,,
display-xpad-2-0,display-xpad-2-0,certification,,,,,,,,
display-xpad-5-0,display-xpad-5-0,datasheet,,,,,,,,
display-xpad-5-0,display-xpad-5-0,user-guide,,,,,,,,
display-xpad-5-0,display-xpad-5-0,wiring-diagram,,,,,,,,
display-xpad-5-0,display-xpad-5-0,certification,,,,,,,,
law-enforcement-b68c27,law-enforcement-b68c27,datasheet,,,,,,,,
law-enforcement-b68c27,law-enforcement-b68c27,user-guide,,,,,,,,
law-enforcement-b68c27,law-enforcement-b68c27,wiring-diagram,,,,,,,,
law-enforcement-b68c27,law-enforcement-b68c27,certification,,,,,,,,
law-enforcement-body-worn-camera,law-enforcement-body-worn-camera,datasheet,,,,,,,,
law-enforcement-body-worn-camera,law-enforcement-body-worn-camera,user-guide,,,,,,,,
law-enforcement-body-worn-camera,law-enforcement-body-worn-camera,wiring-diagram,,,,,,,,
law-enforcement-body-worn-camera,law-enforcement-body-worn-camera,certification,,,,,,,,
law-enforcement-c24ma,law-enforcement-c24ma,datasheet,,,,,,,,
law-enforcement-c24ma,law-enforcement-c24ma,user-guide,,,,,,,,
law-enforcement-c24ma,law-enforcement-c24ma,wiring-diagram,,,,,,,,
law-enforcement-c24ma,law-enforcement-c24ma,certification,,,,,,,,
law-enforcement-c37-dual-eye-camera,law-enforcement-c37-dual-eye-camera,datasheet,,,,,,,,
law-enforcement-c37-dual-eye-camera,law-enforcement-c37-dual-eye-camera,user-guide,,,,,,,,
law-enforcement-c37-dual-eye-camera,law-enforcement-c37-dual-eye-camera,wiring-diagram,,,,,,,,
law-enforcement-c37-dual-eye-camera,law-enforcement-c37-dual-eye-camera,certification,,,,,,,,
law-enforcement-d50c27,law-enforcement-d50c27,datasheet,,,,,,,,
law-enforcement-d50c27,law-enforcement-d50c27,user-guide,,,,,,,,
law-enforcement-d50c27,law-enforcement-d50c27,wiring-diagram,,,,,,,,
law-enforcement-d50c27,law-enforcement-d50c27,certification,,,,,,,,
law-enforcement-mds,law-enforcement-mds,datasheet,,,,,,,,
law-enforcement-mds,law-enforcement-mds,user-guide,,,,,,,,
law-enforcement-mds,law-enforcement-mds,wiring-diagram,,,,,,,,
law-enforcement-mds,law-enforcement-mds,certification,,,,,,,,
law-enforcement-palm-reader,law-enforcement-palm-reader,datasheet,,,,,,,,
law-enforcement-palm-reader,law-enforcement-palm-reader,user-guide,,,,,,,,
law-enforcement-palm-reader,law-enforcement-palm-reader,wiring-diagram,,,,,,,,
law-enforcement-palm-reader,law-enforcement-palm-reader,certification,,,,,,,,
law-enforcement-smart-holster-sensor,law-enforcement-smart-holster-sensor,datasheet,,,,,,,,
law-enforcement-smart-holster-sensor,law-enforcement-smart-holster-sensor,user-guide,,,,,,,,
law-enforcement-smart-holster-sensor,law-enforcement-smart-holster-sensor,wiring-diagram,,,,,,,,
law-enforcement-smart-holster-sensor,law-enforcement-smart-holster-sensor,certification,,,,,,,,
law-enforcement-v3n,law-enforcement-v3n,datasheet,,,,,,,,
law-enforcement-v3n,law-enforcement-v3n,user-guide,,,,,,,,
law-enforcement-v3n,law-enforcement-v3n,wiring-diagram,,,,,,,,
law-enforcement-v3n,law-enforcement-v3n,certification,,,,,,,,
law-enforcement-vigilant-multi-dock,law-enforcement-vigilant-multi-dock,datasheet,,,,,,,,
law-enforcement-vigilant-multi-dock,law-enforcement-vigilant-multi-dock,user-guide,,,,,,,,
law-enforcement-vigilant-multi-dock,law-enforcement-vigilant-multi-dock,wiring-diagram,,,,,,,,
law-enforcement-vigilant-multi-dock,law-enforcement-vigilant-multi-dock,certification,,,,,,,,
law-enforcement-vigilant-single-dock,law-enforcement-vigilant-single-dock,datasheet,,,,,,,,
law-enforcement-vigilant-single-dock,law-enforcement-vigilant-single-dock,user-guide,,,,,,,,
law-enforcement-vigilant-single-dock,law-enforcement-vigilant-single-dock,wiring-diagram,,,,,,,,
law-enforcement-vigilant-single-dock,law-enforcement-vigilant-single-dock,certification,,,,,,,,
public-transport-a16max-ibcu,public-transport-a16max-ibcu,datasheet,,,,,,,,
public-transport-a16max-ibcu,public-transport-a16max-ibcu,user-guide,,,,,,,,
public-transport-a16max-ibcu,public-transport-a16max-ibcu,wiring-diagram,,,,,,,,
public-transport-a16max-ibcu,public-transport-a16max-ibcu,certification,,,,,,,,
public-transport-a8pro2-0,public-transport-a8pro2-0,datasheet,,,,,,,,
public-transport-a8pro2-0,public-transport-a8pro2-0,user-guide,,,,,,,,
public-transport-a8pro2-0,public-transport-a8pro2-0,wiring-diagram,,,,,,,,
public-transport-a8pro2-0,public-transport-a8pro2-0,certification,,,,,,,,
public-transport-ims-100,public-transport-ims-100,datasheet,,,,,,,,
public-transport-ims-100,public-transport-ims-100,user-guide,,,,,,,,
public-transport-ims-100,public-transport-ims-100,wiring-diagram,,,,,,,,
public-transport-ims-100,public-transport-ims-100,certification,,,,,,,,
public-transport-l16max-215,public-transport-l16max-215,datasheet,,,,,,,,
public-transport-l16max-215,public-transport-l16max-215,user-guide,,,,,,,,
public-transport-l16max-215,public-transport-l16max-215,wiring-diagram,,,,,,,,
public-transport-l16max-215,public-transport-l16max-215,certification,,,,,,,,
public-transport-l16max-286,public-transport-l16max-286,datasheet,,,,,,,,
public-transport-l16max-286,public-transport-l16max-286,user-guide,,,,,,,,
public-transport-l16max-286,public-transport-l16max-286,wiring-diagram,,,,,,,,
public-transport-l16max-286,public-transport-l16max-286,certification,,,,,,,,
public-transport-led,public-transport-led,datasheet,,,,,,,,
public-transport-led,public-transport-led,user-guide,,,,,,,,
public-transport-led,public-transport-led,wiring-diagram,,,,,,,,
public-transport-led,public-transport-led,certification,,,,,,,,
public-transport-m1n-2-0,public-transport-m1n-2-0,datasheet,,,,,,,,
public-transport-m1n-2-0,public-transport-m1n-2-0,user-guide,,,,,,,,
public-transport-m1n-2-0,public-transport-m1n-2-0,wiring-diagram,,,,,,,,
public-transport-m1n-2-0,public-transport-m1n-2-0,certification,,,,,,,,
public-transport-p3,public-transport-p3,datasheet,,,,,,,,
public-transport-p3,public-transport-p3,user-guide,,,,,,,,
public-transport-p3,public-transport-p3,wiring-diagram,,,,,,,,
public-transport-p3,public-transport-p3,certification,,,,,,,,
public-transport-p3-ahd,public-transport-p3-ahd,datasheet,,,,,,,,
public-transport-p3-ahd,public-transport-p3-ahd,user-guide,,,,,,,,
public-transport-p3-ahd,public-transport-p3-ahd,wiring-diagram,,,,,,,,
public-transport-p3-ahd,public-transport-p3-ahd,certification,,,,,,,,
public-transport-p3d,public-transport-p3d,datasheet,,,,,,,,
public-transport-p3d,public-transport-p3d,user-guide,,,,,,,,
public-transport-p3d,public-transport-p3d,wiring-diagram,,,,,,,,
public-transport-p3d,public-transport-p3d,certification,,,,,,,,
public-transport-x3n,public-transport-x3n,datasheet,,,,,,,,
public-transport-x3n,public-transport-x3n,user-guide,,,,,,,,
public-transport-x3n,public-transport-x3n,wiring-diagram,,,,,,,,
public-transport-x3n,public-transport-x3n,certification,,,,,,,,
public-transport-x3n-pro,public-transport-x3n-pro,datasheet,,,,,,,,
public-transport-x3n-pro,public-transport-x3n-pro,user-guide,,,,,,,,
public-transport-x3n-pro,public-transport-x3n-pro,wiring-diagram,,,,,,,,
public-transport-x3n-pro,public-transport-x3n-pro,certification,,,,,,,,
public-transport-x5n,public-transport-x5n,datasheet,,,,,,,,
public-transport-x5n,public-transport-x5n,user-guide,,,,,,,,
public-transport-x5n,public-transport-x5n,wiring-diagram,,,,,,,,
public-transport-x5n,public-transport-x5n,certification,,,,,,,,
public-transport-x5n-pro,public-transport-x5n-pro,datasheet,,,,,,,,
public-transport-x5n-pro,public-transport-x5n-pro,user-guide,,,,,,,,
public-transport-x5n-pro,public-transport-x5n-pro,wiring-diagram,,,,,,,,
public-transport-x5n-pro,public-transport-x5n-pro,certification,,,,,,,,
trucking-ad-max,trucking-ad-max,datasheet,,,,,,,,
trucking-ad-max,trucking-ad-max,user-guide,,,,,,,,
trucking-ad-max,trucking-ad-max,wiring-diagram,,,,,,,,
trucking-ad-max,trucking-ad-max,certification,,,,,,,,
trucking-ad-plus-2-0,trucking-ad-plus-2-0,datasheet,,,,,,,,
trucking-ad-plus-2-0,trucking-ad-plus-2-0,user-guide,,,,,,,,
trucking-ad-plus-2-0,trucking-ad-plus-2-0,wiring-diagram,,,,,,,,
trucking-ad-plus-2-0,trucking-ad-plus-2-0,certification,,,,,,,,
trucking-ad-plus-2-0-s,trucking-ad-plus-2-0-s,datasheet,,,,,,,,
trucking-ad-plus-2-0-s,trucking-ad-plus-2-0-s,user-guide,,,,,,,,
trucking-ad-plus-2-0-s,trucking-ad-plus-2-0-s,wiring-diagram,,,,,,,,
trucking-ad-plus-2-0-s,trucking-ad-plus-2-0-s,certification,,,,,,,,
trucking-c6-lite-2-0,trucking-c6-lite-2-0,datasheet,,,,,,,,
trucking-c6-lite-2-0,trucking-c6-lite-2-0,user-guide,,,,,,,,
trucking-c6-lite-2-0,trucking-c6-lite-2-0,wiring-diagram,,,,,,,,
trucking-c6-lite-2-0,trucking-c6-lite-2-0,certification,,,,,,,,
trucking-c6-lite-2-0-s,trucking-c6-lite-2-0-s,datasheet,,,,,,,,
trucking-c6-lite-2-0-s,trucking-c6-lite-2-0-s,user-guide,,,,,,,,
trucking-c6-lite-2-0-s,trucking-c6-lite-2-0-s,wiring-diagram,,,,,,,,
trucking-c6-lite-2-0-s,trucking-c6-lite-2-0-s,certification,,,,,,,,
trucking-ds100,trucking-ds100,datasheet,,,,,,,,
trucking-ds100,trucking-ds100,user-guide,,,,,,,,
trucking-ds100,trucking-ds100,wiring-diagram,,,,,,,,
trucking-ds100,trucking-ds100,certification,,,,,,,,
trucking-f6n,trucking-f6n,datasheet,,,,,,,,
trucking-f6n,trucking-f6n,user-guide,,,,,,,,
trucking-f6n,trucking-f6n,wiring-diagram,,,,,,,,
trucking-f6n,trucking-f6n,certification,,,,,,,,
trucking-gt1-pro-dc-max,trucking-gt1-pro-dc-max,datasheet,,,,,,,,
trucking-gt1-pro-dc-max,trucking-gt1-pro-dc-max,user-guide,,,,,,,,
trucking-gt1-pro-dc-max,trucking-gt1-pro-dc-max,wiring-diagram,,,,,,,,
trucking-gt1-pro-dc-max,trucking-gt1-pro-dc-max,certification,,,,,,,,
trucking-m1n-2-0,trucking-m1n-2-0,datasheet,,,,,,,,
trucking-m1n-2-0,trucking-m1n-2-0,user-guide,,,,,,,,
trucking-m1n-2-0,trucking-m1n-2-0,wiring-diagram,,,,,,,,
trucking-m1n-2-0,trucking-m1n-2-0,certification,,,,,,,,
trucking-m3n,trucking-m3n,datasheet,,,,,,,,
trucking-m3n,trucking-m3n,user-guide,,,,,,,,
trucking-m3n,trucking-m3n,wiring-diagram,,,,,,,,
trucking-m3n,trucking-m3n,certification,,,,,,,,
trucking-power-box-max,trucking-power-box-max,datasheet,,,,,,,,
trucking-power-box-max,trucking-power-box-max,user-guide,,,,,,,,
trucking-power-box-max,trucking-power-box-max,wiring-diagram,,,,,,,,
trucking-power-box-max,trucking-power-box-max,certification,,,,,,,,
trucking-power-box-plus,trucking-power-box-plus,datasheet,,,,,,,,
trucking-power-box-plus,trucking-power-box-plus,user-guide,,,,,,,,
trucking-power-box-plus,trucking-power-box-plus,wiring-diagram,,,,,,,,
trucking-power-box-plus,trucking-power-box-plus,certification,,,,,,,,
trucking-s5,trucking-s5,datasheet,,,,,,,,
trucking-s5,trucking-s5,user-guide,,,,,,,,
trucking-s5,trucking-s5,wiring-diagram,,,,,,,,
trucking-s5,trucking-s5,certification,,,,,,,,
trucking-z5,trucking-z5,datasheet,,,,,,,,
trucking-z5,trucking-z5,user-guide,,,,,,,,
trucking-z5,trucking-z5,wiring-diagram,,,,,,,,
trucking-z5,trucking-z5,certification,,,,,,,,
