product,products,url,title_es,title_en,date,duration
accessory-b2,,,,,,
accessory-b3,,,,,,
accessory-ba5-i,,,,,,
accessory-ba5-o,,,,,,
accessory-ibutton,,,,,,
accessory-led-alarm,,,,,,
accessory-rwatch,,,,,,
accessory-switch,,,,,,
accessory-wi-fi-router,,,,,,
camera-960c53,,,,,,
camera-ad-kit-3-0,,,,,,
camera-c20d,,,,,,
camera-c25,,,,,,
camera-c29n,,,,,,
camera-c39a,,,,,,
camera-c39b,,,,,,
camera-c46,,,,,,
camera-ca20d,,,,,,
camera-ca20s,,,,,,
camera-ca25,,,,,,
camera-ca38,,,,,,
camera-ca39,,,,,,
camera-ca39a,,,,,,
camera-ca39b,,,,,,
camera-ca4,,,,,,
camera-ca42-wireless-camera,,,,,,
camera-ca46,,,,,,
camera-ca51,,,,,,
camera-ca51a,,,,,,
camera-sc,,,,,,
display-cp16max,,,,,,
display-cp4,,,,,,
display-cp5,,,,,,
display-dp12s,,,,,,
display-dp7q-rt,,,,,,
display-dp7q-t,,,,,,
display-dp7s,,,,,,
display-dp7s-t,,,,,,
display-xpad-2-0,,,,,,
display-xpad-5-0,,,,,,
law-enforcement-b68c27,,,,,,
law-enforcement-body-worn-camera,,,,,,
law-enforcement-c24ma,,,,,,
law-enforcement-c37-dual-eye-camera,,,,,,
law-enforcement-d50c27,,,,,,
law-enforcement-mds,,,,,,
law-enforcement-palm-reader,,,,,,
law-enforcement-smart-holster-sensor,,,,,,
law-enforcement-v3n,,,,,,
law-enforcement-vigilant-multi-dock,,,,,,
law-enforcement-vigilant-single-dock,,,,,,
public-transport-a16max-ibcu,,,,,,
public-transport-a8pro2-0,,,,,,
public-transport-ims-100,,,,,,
public-transport-l16max-215,,,,,,
public-transport-l16max-286,,,,,,
public-transport-led,,,,,,
public-transport-m1n-2-0,,,,,,
public-transport-p3,,,,,,
public-transport-p3-ahd,,,,,,
public-transport-p3d,,,,,,
public-transport-x3n,,,,,,
public-transport-x3n-pro,,,,,,
public-transport-x5n,,,,,,
public-transport-x5n-pro,,,,,,
trucking-ad-max,,,,,,
trucking-ad-plus-2-0,,,,,,
trucking-ad-plus-2-0-s,,,,,,
trucking-c6-lite-2-0,,,,,,
trucking-c6-lite-2-0-s,,,,,,
trucking-ds100,,,,,,
trucking-f6n,,,,,,
trucking-gt1-pro-dc-max,,,,,,
trucking-m1n-2-0,,,,,,
trucking-m3n,,,,,,
trucking-power-box-max,,,,,,
trucking-power-box-plus,,,,,,
trucking-s5,,,,,,
trucking-z5,,,,,,
